{
    "results": {
        "tool": {
            "name": "pytest",
            "version": "8.4.1"
        },
        "summary": {
            "tests": 2,
            "passed": 2,
            "failed": 0,
            "skipped": 0,
            "pending": 0,
            "other": 0,
            "start": 1776105732.5411818,
            "stop": 1776105732.593402
        },
        "tests": [
            {
                "name": "test_outputs.py::test_summary_file_exists",
                "status": "passed",
                "duration": 0.00046883300092304125,
                "start": 1776105732.5914721,
                "stop": 1776105732.5923307,
                "retries": 0,
                "file_path": "test_outputs.py"
            },
            {
                "name": "test_outputs.py::test_summary_structure_and_counts",
                "status": "passed",
                "duration": 0.0003704169994307449,
                "start": 1776105732.5925162,
                "stop": 1776105732.5930426,
                "retries": 0,
                "file_path": "test_outputs.py"
            }
        ]
    }
}