{
    "results": {
        "tool": {
            "name": "pytest",
            "version": "8.4.1"
        },
        "summary": {
            "tests": 1,
            "passed": 1,
            "failed": 0,
            "skipped": 0,
            "pending": 0,
            "other": 0,
            "start": 1776264305.6637843,
            "stop": 1776264305.7073808
        },
        "tests": [
            {
                "name": "test_outputs.py::test_json_data",
                "status": "passed",
                "duration": 0.0013399999879766256,
                "start": 1776264305.7053955,
                "stop": 1776264305.7069647,
                "retries": 0,
                "file_path": "test_outputs.py"
            }
        ]
    }
}