{
    "results": {
        "tool": {
            "name": "pytest",
            "version": "8.4.1"
        },
        "summary": {
            "tests": 2,
            "passed": 2,
            "failed": 0,
            "skipped": 0,
            "pending": 0,
            "other": 0,
            "start": 1776117049.5632493,
            "stop": 1776117050.927725
        },
        "tests": [
            {
                "name": "test_outputs.py::test_modernized_code_runs",
                "status": "passed",
                "duration": 1.3479896249991725,
                "start": 1776117049.5778468,
                "stop": 1776117050.9264588,
                "retries": 0,
                "file_path": "test_outputs.py"
            },
            {
                "name": "test_outputs.py::test_dependency_file_exists",
                "status": "passed",
                "duration": 0.0003154580044792965,
                "start": 1776117050.9268374,
                "stop": 1776117050.9273355,
                "retries": 0,
                "file_path": "test_outputs.py"
            }
        ]
    }
}