{
    "results": {
        "tool": {
            "name": "pytest",
            "version": "8.4.1"
        },
        "summary": {
            "tests": 1,
            "passed": 1,
            "failed": 0,
            "skipped": 0,
            "pending": 0,
            "other": 0,
            "start": 1776124875.772789,
            "stop": 1776124878.1586251
        },
        "tests": [
            {
                "name": "test_outputs.py::test_api",
                "status": "passed",
                "duration": 2.3724814589950256,
                "start": 1776124875.7849526,
                "stop": 1776124878.1580527,
                "retries": 0,
                "file_path": "test_outputs.py"
            }
        ]
    }
}