{
    "results": {
        "tool": {
            "name": "pytest",
            "version": "8.4.1"
        },
        "summary": {
            "tests": 2,
            "passed": 2,
            "failed": 0,
            "skipped": 0,
            "pending": 0,
            "other": 0,
            "start": 1776124006.8110478,
            "stop": 1776124006.8476293
        },
        "tests": [
            {
                "name": "test_outputs.py::test_solution_file",
                "status": "passed",
                "duration": 0.0004122079990338534,
                "start": 1776124006.845832,
                "stop": 1776124006.8467305,
                "retries": 0,
                "file_path": "test_outputs.py"
            },
            {
                "name": "test_outputs.py::test_solution_content",
                "status": "passed",
                "duration": 0.00024045799364103004,
                "start": 1776124006.846862,
                "stop": 1776124006.8472462,
                "retries": 0,
                "file_path": "test_outputs.py"
            }
        ]
    }
}