{
    "results": {
        "tool": {
            "name": "pytest",
            "version": "8.4.1"
        },
        "summary": {
            "tests": 2,
            "passed": 2,
            "failed": 0,
            "skipped": 0,
            "pending": 0,
            "other": 0,
            "start": 1776254764.6660936,
            "stop": 1776254764.6786897
        },
        "tests": [
            {
                "name": "test_outputs.py::test_output_file_exists",
                "status": "passed",
                "duration": 0.00036037503741681576,
                "start": 1776254764.677176,
                "stop": 1776254764.6778855,
                "retries": 0,
                "file_path": "test_outputs.py"
            },
            {
                "name": "test_outputs.py::test_output_is_correct",
                "status": "passed",
                "duration": 0.00022200000239536166,
                "start": 1776254764.678024,
                "stop": 1776254764.6783855,
                "retries": 0,
                "file_path": "test_outputs.py"
            }
        ]
    }
}