{
    "results": {
        "tool": {
            "name": "pytest",
            "version": "8.4.1"
        },
        "summary": {
            "tests": 2,
            "passed": 2,
            "failed": 0,
            "skipped": 0,
            "pending": 0,
            "other": 0,
            "start": 1776113455.8217876,
            "stop": 1776113455.921587
        },
        "tests": [
            {
                "name": "test_outputs.py::test_recovery_file_exists",
                "status": "passed",
                "duration": 0.0005377920024329796,
                "start": 1776113455.9192708,
                "stop": 1776113455.9204462,
                "retries": 0,
                "file_path": "test_outputs.py"
            },
            {
                "name": "test_outputs.py::test_password_match",
                "status": "passed",
                "duration": 0.000266415998339653,
                "start": 1776113455.9206321,
                "stop": 1776113455.9210808,
                "retries": 0,
                "file_path": "test_outputs.py"
            }
        ]
    }
}