{
    "results": {
        "tool": {
            "name": "pytest",
            "version": "8.4.1"
        },
        "summary": {
            "tests": 2,
            "passed": 2,
            "failed": 0,
            "skipped": 0,
            "pending": 0,
            "other": 0,
            "start": 1776155183.3237398,
            "stop": 1776155183.378867
        },
        "tests": [
            {
                "name": "test_outputs.py::test_about_file",
                "status": "passed",
                "duration": 0.0012076240018359385,
                "start": 1776155183.3765094,
                "stop": 1776155183.3780262,
                "retries": 0,
                "file_path": "test_outputs.py"
            },
            {
                "name": "test_outputs.py::test_layout_file",
                "status": "passed",
                "duration": 0.00027679200866259634,
                "start": 1776155183.3781583,
                "stop": 1776155183.3785582,
                "retries": 0,
                "file_path": "test_outputs.py"
            }
        ]
    }
}