{
    "results": {
        "tool": {
            "name": "pytest",
            "version": "8.4.1"
        },
        "summary": {
            "tests": 1,
            "passed": 1,
            "failed": 0,
            "skipped": 0,
            "pending": 0,
            "other": 0,
            "start": 1776262263.3332822,
            "stop": 1776262263.3798373
        },
        "tests": [
            {
                "name": "test_outputs.py::test_tests_output",
                "status": "passed",
                "duration": 0.0004547499993350357,
                "start": 1776262263.3782976,
                "stop": 1776262263.3791175,
                "retries": 0,
                "file_path": "test_outputs.py"
            }
        ]
    }
}